Comparison,Pearson_r,P_value,Significant,Strength
RMSD vs pLDDT Change,-0.39871202276400886,0.08162494614799054,False,Moderate
RMSD vs Position,0.039828045890701415,0.867595825130437,False,Weak
RMSD vs Charge Change,-0.0160837694782876,0.9463418313644261,False,Weak
RMSD vs Mass Change,0.023173957957850627,0.9227450952571385,False,Weak
RMSD vs Hydrophobicity Change,0.1510181466566592,0.5250708801635342,False,Weak
